u,v,shoulder_pan,shoulder_lift,elbow_flex,wrist_flex,wrist_roll
353.0,279.9,-17.63,35.03,32.31,-56.66,19.56
494.6,256.1,-9.98,35.03,32.22,-56.66,19.56
618.3,261.8,-2.95,46.29,28.53,-69.67,19.47
725.0,266.7,2.07,46.37,28.44,-69.67,19.56
801.1,273.5,4.79,46.37,28.35,-69.49,19.47
877.1,285.1,8.57,48.48,26.07,-69.58,19.56
360.9,338.9,-17.1,56.22,26.33,-86.73,19.03
489.3,346.5,-11.65,53.93,34.24,-91.21,19.65
597.6,344.8,-5.49,54.02,34.33,-91.3,19.56
697.5,348.5,-0.4,54.02,34.33,-91.21,19.56
790.9,360.2,5.23,53.93,34.24,-91.03,19.65
876.5,353.7,10.07,48.92,32.75,-82.15,19.65
351.1,402.3,-18.42,42.33,45.49,-83.21,19.3
482.7,404.6,-9.71,38.2,51.3,-83.3,19.65
581.6,391.5,-6.73,38.2,51.38,-83.21,19.21
665.8,402.5,-0.75,38.2,51.74,-83.3,19.47
764.7,405.7,3.74,38.73,51.12,-83.3,19.12
850.0,420.4,9.71,38.9,50.86,-83.03,19.56
358.5,471.6,-19.82,33.89,61.58,-87.69,19.65
492.1,460.9,-13.05,33.8,62.2,-88.48,19.65
588.1,461.4,-5.41,33.71,62.29,-88.48,19.65
658.7,455.1,-1.45,33.8,62.11,-88.4,19.65
750.0,463.2,4.18,33.8,62.11,-87.96,19.65
828.5,472.1,9.36,33.8,61.67,-87.34,19.65
360.6,556.8,-22.9,18.33,80.66,-87.16,19.65
487.5,546.9,-14.29,17.54,81.27,-87.25,19.65
573.9,541.6,-8.84,17.54,80.84,-87.25,19.65
652.6,541.4,-3.03,17.71,80.84,-87.16,19.65
745.2,545.7,4.35,18.15,80.75,-87.16,19.65
822.4,558.3,10.42,18.24,80.57,-86.99,19.74
